holiday,ds
Stateholiday,1/1/2013
Stateholiday,1/6/2013
Stateholiday,3/29/2013
Stateholiday,4/1/2013
Stateholiday,5/1/2013
Stateholiday,5/9/2013
Stateholiday,5/20/2013
Stateholiday,5/30/2013
Stateholiday,10/3/2013
Stateholiday,11/1/2013
Stateholiday,12/25/2013
Stateholiday,12/26/2013
Stateholiday,1/1/2014
Stateholiday,1/6/2014
Stateholiday,4/18/2014
Stateholiday,4/21/2014
Stateholiday,5/1/2014
Stateholiday,5/29/2014
Stateholiday,6/9/2014
Stateholiday,6/19/2014
Stateholiday,10/3/2014
Stateholiday,11/1/2014
Stateholiday,12/25/2014
Stateholiday,12/26/2014
Stateholiday,1/1/2015
Stateholiday,1/6/2015
Stateholiday,4/3/2015
Stateholiday,4/6/2015
Stateholiday,5/1/2015
Stateholiday,5/14/2015
Stateholiday,5/25/2015
Stateholiday,6/4/2015
Schoolholiday,1/1/2013
Schoolholiday,1/2/2013
Schoolholiday,1/3/2013
Schoolholiday,1/4/2013
Schoolholiday,3/25/2013
Schoolholiday,3/26/2013
Schoolholiday,3/27/2013
Schoolholiday,3/28/2013
Schoolholiday,3/29/2013
Schoolholiday,4/1/2013
Schoolholiday,4/2/2013
Schoolholiday,4/3/2013
Schoolholiday,4/4/2013
Schoolholiday,4/5/2013
Schoolholiday,5/21/2013
Schoolholiday,5/22/2013
Schoolholiday,5/23/2013
Schoolholiday,5/24/2013
Schoolholiday,5/27/2013
Schoolholiday,5/28/2013
Schoolholiday,5/29/2013
Schoolholiday,5/30/2013
Schoolholiday,5/31/2013
Schoolholiday,7/25/2013
Schoolholiday,7/26/2013
Schoolholiday,7/29/2013
Schoolholiday,7/30/2013
Schoolholiday,7/31/2013
Schoolholiday,8/1/2013
Schoolholiday,8/2/2013
Schoolholiday,8/5/2013
Schoolholiday,8/6/2013
Schoolholiday,8/7/2013
Schoolholiday,8/8/2013
Schoolholiday,8/9/2013
Schoolholiday,8/12/2013
Schoolholiday,8/13/2013
Schoolholiday,8/14/2013
Schoolholiday,8/15/2013
Schoolholiday,8/16/2013
Schoolholiday,8/19/2013
Schoolholiday,8/20/2013
Schoolholiday,8/21/2013
Schoolholiday,8/22/2013
Schoolholiday,8/23/2013
Schoolholiday,8/26/2013
Schoolholiday,8/27/2013
Schoolholiday,8/28/2013
Schoolholiday,8/29/2013
Schoolholiday,8/30/2013
Schoolholiday,9/2/2013
Schoolholiday,9/3/2013
Schoolholiday,9/4/2013
Schoolholiday,9/5/2013
Schoolholiday,9/6/2013
Schoolholiday,10/28/2013
Schoolholiday,10/29/2013
Schoolholiday,10/30/2013
Schoolholiday,12/23/2013
Schoolholiday,12/24/2013
Schoolholiday,12/25/2013
Schoolholiday,12/26/2013
Schoolholiday,12/27/2013
Schoolholiday,12/30/2013
Schoolholiday,12/31/2013
Schoolholiday,1/1/2014
Schoolholiday,1/2/2014
Schoolholiday,1/3/2014
Schoolholiday,4/14/2014
Schoolholiday,4/15/2014
Schoolholiday,4/16/2014
Schoolholiday,4/17/2014
Schoolholiday,4/18/2014
Schoolholiday,4/21/2014
Schoolholiday,4/22/2014
Schoolholiday,4/23/2014
Schoolholiday,4/24/2014
Schoolholiday,4/25/2014
Schoolholiday,6/10/2014
Schoolholiday,6/11/2014
Schoolholiday,6/12/2014
Schoolholiday,6/13/2014
Schoolholiday,6/16/2014
Schoolholiday,6/17/2014
Schoolholiday,6/18/2014
Schoolholiday,6/19/2014
Schoolholiday,6/20/2014
Schoolholiday,7/31/2014
Schoolholiday,8/1/2014
Schoolholiday,8/4/2014
Schoolholiday,8/5/2014
Schoolholiday,8/6/2014
Schoolholiday,8/7/2014
Schoolholiday,8/8/2014
Schoolholiday,8/11/2014
Schoolholiday,8/12/2014
Schoolholiday,8/13/2014
Schoolholiday,8/14/2014
Schoolholiday,8/15/2014
Schoolholiday,8/18/2014
Schoolholiday,8/19/2014
Schoolholiday,8/20/2014
Schoolholiday,8/21/2014
Schoolholiday,8/22/2014
Schoolholiday,8/25/2014
Schoolholiday,8/26/2014
Schoolholiday,8/27/2014
Schoolholiday,8/28/2014
Schoolholiday,8/29/2014
Schoolholiday,9/1/2014
Schoolholiday,9/2/2014
Schoolholiday,9/3/2014
Schoolholiday,9/4/2014
Schoolholiday,9/5/2014
Schoolholiday,9/8/2014
Schoolholiday,9/9/2014
Schoolholiday,9/10/2014
Schoolholiday,9/11/2014
Schoolholiday,9/12/2014
Schoolholiday,10/27/2014
Schoolholiday,10/28/2014
Schoolholiday,10/29/2014
Schoolholiday,10/30/2014
Schoolholiday,12/22/2014
Schoolholiday,12/23/2014
Schoolholiday,12/24/2014
Schoolholiday,12/25/2014
Schoolholiday,12/26/2014
Schoolholiday,12/29/2014
Schoolholiday,12/30/2014
Schoolholiday,12/31/2014
Schoolholiday,1/1/2015
Schoolholiday,1/2/2015
Schoolholiday,1/5/2015
Schoolholiday,3/30/2015
Schoolholiday,3/31/2015
Schoolholiday,4/1/2015
Schoolholiday,4/2/2015
Schoolholiday,4/3/2015
Schoolholiday,4/6/2015
Schoolholiday,4/7/2015
Schoolholiday,4/8/2015
Schoolholiday,4/9/2015
Schoolholiday,4/10/2015
Schoolholiday,5/26/2015
Schoolholiday,5/27/2015
Schoolholiday,5/28/2015
Schoolholiday,5/29/2015
Schoolholiday,6/1/2015
Schoolholiday,6/2/2015
Schoolholiday,6/3/2015
Schoolholiday,6/4/2015
Schoolholiday,6/5/2015
Schoolholiday,7/30/2015
Schoolholiday,7/31/2015
